Car Name,Car Status,Price,Check it out here
2024 GMC Sierra 1500 Denali,New,"$78,950",https://www.cars.com//vehicledetail/c4f97382-650c-46cc-8b04-22bcfd660d51/
2024 Chevrolet Tahoe Premier,New,"$80,070",https://www.cars.com//vehicledetail/97f986eb-7a48-4d9d-a9ac-75f53ab1094d/
2024 Chevrolet Tahoe High Country,New,"$82,465",https://www.cars.com//vehicledetail/898a4eb1-ba26-42fc-9f6f-f3f1a7e34abe/
2024 Chevrolet Silverado 2500 Custom,New,"$69,310",https://www.cars.com//vehicledetail/0b1cff27-8a78-47eb-a5a7-c2793f80fec5/
2024 Chevrolet Silverado 2500 High Country,New,"$87,700",https://www.cars.com//vehicledetail/0072bed5-c89d-474a-a273-dccdb5c9f067/
2024 Chevrolet Silverado 2500 Custom,New,"$68,560",https://www.cars.com//vehicledetail/fb9d0be4-83fd-497d-83ab-0958995c945d/
2024 GMC Sierra 1500 AT4,New,"$74,600",https://www.cars.com//vehicledetail/4213891f-5161-492c-88be-3e8db4b9b0d0/
2023 Chevrolet Silverado 1500 RST,New,"$63,920",https://www.cars.com//vehicledetail/7ed7eec2-86e5-4256-9553-0d7063ed220a/
2024 GMC Yukon XL Denali,New,"$95,110",https://www.cars.com//vehicledetail/ed4f33c3-004c-495f-96b3-4ebdea345ddb/
2022 Toyota Tacoma SR5,Used,"$30,675",https://www.cars.com//vehicledetail/8d4de00a-0e36-4caf-9428-0354022ad3a3/
2023 GMC Acadia Denali,New,"$54,285",https://www.cars.com//vehicledetail/ce5aad06-6b2f-453a-a427-4b306e166faf/
2024 Ford F-250 Lariat,New,Not Priced,https://www.cars.com//vehicledetail/8b6bbc52-954c-409b-8c60-b7b4cd56aa85/
2024 Lincoln Nautilus Reserve,New,Not Priced,https://www.cars.com//vehicledetail/98aa3e77-a6f4-4850-9044-07b4b400519e/
2024 Ford Edge Sport,New,Not Priced,https://www.cars.com//vehicledetail/b5e5280c-be97-4137-ad7f-01eb239cac06/
2023 Lincoln Navigator Reserve,New,Not Priced,https://www.cars.com//vehicledetail/dae0f8e3-fdf5-4d2b-9415-068e116b13fc/
2024 Ford Edge Titanium,New,Not Priced,https://www.cars.com//vehicledetail/2cf44ff3-de30-45fe-abd9-04414217317f/
2024 Ford Edge SEL,New,Not Priced,https://www.cars.com//vehicledetail/4aa28e38-a3c7-4c7a-8958-482fc9b250d3/
2023 Ford Bronco Sport Outer Banks,New,Not Priced,https://www.cars.com//vehicledetail/71acb331-9eea-4030-bbb9-d9d18778537e/
2023 Lincoln Navigator Reserve,New,Not Priced,https://www.cars.com//vehicledetail/b758bd15-e7aa-4331-abba-ea91d5c7f4f9/
2024 Ford Edge SEL,New,Not Priced,https://www.cars.com//vehicledetail/c586a3ee-9c27-42ba-8e3a-36c0fafa06ba/
2024 GMC Sierra 1500 Denali,New,"$78,950",https://www.cars.com//vehicledetail/c4f97382-650c-46cc-8b04-22bcfd660d51/
2024 Chevrolet Tahoe Premier,New,"$80,070",https://www.cars.com//vehicledetail/97f986eb-7a48-4d9d-a9ac-75f53ab1094d/
2024 Chevrolet Tahoe High Country,New,"$82,465",https://www.cars.com//vehicledetail/898a4eb1-ba26-42fc-9f6f-f3f1a7e34abe/
2024 Chevrolet Silverado 2500 Custom,New,"$69,310",https://www.cars.com//vehicledetail/0b1cff27-8a78-47eb-a5a7-c2793f80fec5/
2024 Chevrolet Silverado 2500 High Country,New,"$87,700",https://www.cars.com//vehicledetail/0072bed5-c89d-474a-a273-dccdb5c9f067/
2024 Chevrolet Silverado 2500 Custom,New,"$68,560",https://www.cars.com//vehicledetail/fb9d0be4-83fd-497d-83ab-0958995c945d/
2024 GMC Sierra 1500 AT4,New,"$74,600",https://www.cars.com//vehicledetail/4213891f-5161-492c-88be-3e8db4b9b0d0/
2023 Chevrolet Silverado 1500 RST,New,"$63,920",https://www.cars.com//vehicledetail/7ed7eec2-86e5-4256-9553-0d7063ed220a/
2024 GMC Yukon XL Denali,New,"$95,110",https://www.cars.com//vehicledetail/ed4f33c3-004c-495f-96b3-4ebdea345ddb/
2022 Toyota Tacoma SR5,Used,"$30,675",https://www.cars.com//vehicledetail/8d4de00a-0e36-4caf-9428-0354022ad3a3/
2023 GMC Acadia Denali,New,"$54,285",https://www.cars.com//vehicledetail/ce5aad06-6b2f-453a-a427-4b306e166faf/
2024 Ford F-250 Lariat,New,Not Priced,https://www.cars.com//vehicledetail/8b6bbc52-954c-409b-8c60-b7b4cd56aa85/
2024 Lincoln Nautilus Reserve,New,Not Priced,https://www.cars.com//vehicledetail/98aa3e77-a6f4-4850-9044-07b4b400519e/
2024 Ford Edge Sport,New,Not Priced,https://www.cars.com//vehicledetail/b5e5280c-be97-4137-ad7f-01eb239cac06/
2023 Lincoln Navigator Reserve,New,Not Priced,https://www.cars.com//vehicledetail/dae0f8e3-fdf5-4d2b-9415-068e116b13fc/
2024 Ford Edge Titanium,New,Not Priced,https://www.cars.com//vehicledetail/2cf44ff3-de30-45fe-abd9-04414217317f/
2024 Ford Edge SEL,New,Not Priced,https://www.cars.com//vehicledetail/4aa28e38-a3c7-4c7a-8958-482fc9b250d3/
2023 Ford Bronco Sport Outer Banks,New,Not Priced,https://www.cars.com//vehicledetail/71acb331-9eea-4030-bbb9-d9d18778537e/
2023 Lincoln Navigator Reserve,New,Not Priced,https://www.cars.com//vehicledetail/b758bd15-e7aa-4331-abba-ea91d5c7f4f9/
2024 Ford Edge SEL,New,Not Priced,https://www.cars.com//vehicledetail/c586a3ee-9c27-42ba-8e3a-36c0fafa06ba/
2024 GMC Sierra 1500 Denali,New,"$78,950",https://www.cars.com//vehicledetail/c4f97382-650c-46cc-8b04-22bcfd660d51/
2024 Chevrolet Tahoe Premier,New,"$80,070",https://www.cars.com//vehicledetail/97f986eb-7a48-4d9d-a9ac-75f53ab1094d/
2024 Chevrolet Tahoe High Country,New,"$82,465",https://www.cars.com//vehicledetail/898a4eb1-ba26-42fc-9f6f-f3f1a7e34abe/
2024 Chevrolet Silverado 2500 Custom,New,"$69,310",https://www.cars.com//vehicledetail/0b1cff27-8a78-47eb-a5a7-c2793f80fec5/
2024 Chevrolet Silverado 2500 High Country,New,"$87,700",https://www.cars.com//vehicledetail/0072bed5-c89d-474a-a273-dccdb5c9f067/
2024 Chevrolet Silverado 2500 Custom,New,"$68,560",https://www.cars.com//vehicledetail/fb9d0be4-83fd-497d-83ab-0958995c945d/
2024 GMC Sierra 1500 AT4,New,"$74,600",https://www.cars.com//vehicledetail/4213891f-5161-492c-88be-3e8db4b9b0d0/
2023 Chevrolet Silverado 1500 RST,New,"$63,920",https://www.cars.com//vehicledetail/7ed7eec2-86e5-4256-9553-0d7063ed220a/
2024 GMC Yukon XL Denali,New,"$95,110",https://www.cars.com//vehicledetail/ed4f33c3-004c-495f-96b3-4ebdea345ddb/
2022 Toyota Tacoma SR5,Used,"$30,675",https://www.cars.com//vehicledetail/8d4de00a-0e36-4caf-9428-0354022ad3a3/
2023 GMC Acadia Denali,New,"$54,285",https://www.cars.com//vehicledetail/ce5aad06-6b2f-453a-a427-4b306e166faf/
2024 Ford F-250 Lariat,New,Not Priced,https://www.cars.com//vehicledetail/8b6bbc52-954c-409b-8c60-b7b4cd56aa85/
2024 Lincoln Nautilus Reserve,New,Not Priced,https://www.cars.com//vehicledetail/98aa3e77-a6f4-4850-9044-07b4b400519e/
2024 Ford Edge Sport,New,Not Priced,https://www.cars.com//vehicledetail/b5e5280c-be97-4137-ad7f-01eb239cac06/
2023 Lincoln Navigator Reserve,New,Not Priced,https://www.cars.com//vehicledetail/dae0f8e3-fdf5-4d2b-9415-068e116b13fc/
2024 Ford Edge Titanium,New,Not Priced,https://www.cars.com//vehicledetail/2cf44ff3-de30-45fe-abd9-04414217317f/
2024 Ford Edge SEL,New,Not Priced,https://www.cars.com//vehicledetail/4aa28e38-a3c7-4c7a-8958-482fc9b250d3/
2023 Ford Bronco Sport Outer Banks,New,Not Priced,https://www.cars.com//vehicledetail/71acb331-9eea-4030-bbb9-d9d18778537e/
2023 Lincoln Navigator Reserve,New,Not Priced,https://www.cars.com//vehicledetail/b758bd15-e7aa-4331-abba-ea91d5c7f4f9/
2024 Ford Edge SEL,New,Not Priced,https://www.cars.com//vehicledetail/c586a3ee-9c27-42ba-8e3a-36c0fafa06ba/
2024 GMC Sierra 1500 Denali,New,"$78,950",https://www.cars.com//vehicledetail/c4f97382-650c-46cc-8b04-22bcfd660d51/
2024 Chevrolet Tahoe Premier,New,"$80,070",https://www.cars.com//vehicledetail/97f986eb-7a48-4d9d-a9ac-75f53ab1094d/
2024 Chevrolet Tahoe High Country,New,"$82,465",https://www.cars.com//vehicledetail/898a4eb1-ba26-42fc-9f6f-f3f1a7e34abe/
2024 Chevrolet Silverado 2500 Custom,New,"$69,310",https://www.cars.com//vehicledetail/0b1cff27-8a78-47eb-a5a7-c2793f80fec5/
2024 Chevrolet Silverado 2500 High Country,New,"$87,700",https://www.cars.com//vehicledetail/0072bed5-c89d-474a-a273-dccdb5c9f067/
2024 Chevrolet Silverado 2500 Custom,New,"$68,560",https://www.cars.com//vehicledetail/fb9d0be4-83fd-497d-83ab-0958995c945d/
2024 GMC Sierra 1500 AT4,New,"$74,600",https://www.cars.com//vehicledetail/4213891f-5161-492c-88be-3e8db4b9b0d0/
2023 Chevrolet Silverado 1500 RST,New,"$63,920",https://www.cars.com//vehicledetail/7ed7eec2-86e5-4256-9553-0d7063ed220a/
2024 GMC Yukon XL Denali,New,"$95,110",https://www.cars.com//vehicledetail/ed4f33c3-004c-495f-96b3-4ebdea345ddb/
2022 Toyota Tacoma SR5,Used,"$30,675",https://www.cars.com//vehicledetail/8d4de00a-0e36-4caf-9428-0354022ad3a3/
2023 GMC Acadia Denali,New,"$54,285",https://www.cars.com//vehicledetail/ce5aad06-6b2f-453a-a427-4b306e166faf/
2024 Ford F-250 Lariat,New,Not Priced,https://www.cars.com//vehicledetail/8b6bbc52-954c-409b-8c60-b7b4cd56aa85/
2024 Lincoln Nautilus Reserve,New,Not Priced,https://www.cars.com//vehicledetail/98aa3e77-a6f4-4850-9044-07b4b400519e/
2024 Ford Edge Sport,New,Not Priced,https://www.cars.com//vehicledetail/b5e5280c-be97-4137-ad7f-01eb239cac06/
2023 Lincoln Navigator Reserve,New,Not Priced,https://www.cars.com//vehicledetail/dae0f8e3-fdf5-4d2b-9415-068e116b13fc/
2024 Ford Edge Titanium,New,Not Priced,https://www.cars.com//vehicledetail/2cf44ff3-de30-45fe-abd9-04414217317f/
2024 Ford Edge SEL,New,Not Priced,https://www.cars.com//vehicledetail/4aa28e38-a3c7-4c7a-8958-482fc9b250d3/
2023 Ford Bronco Sport Outer Banks,New,Not Priced,https://www.cars.com//vehicledetail/71acb331-9eea-4030-bbb9-d9d18778537e/
2023 Lincoln Navigator Reserve,New,Not Priced,https://www.cars.com//vehicledetail/b758bd15-e7aa-4331-abba-ea91d5c7f4f9/
2024 Ford Edge SEL,New,Not Priced,https://www.cars.com//vehicledetail/c586a3ee-9c27-42ba-8e3a-36c0fafa06ba/
2024 GMC Sierra 1500 Denali,New,"$78,950",https://www.cars.com//vehicledetail/c4f97382-650c-46cc-8b04-22bcfd660d51/
2024 Chevrolet Tahoe Premier,New,"$80,070",https://www.cars.com//vehicledetail/97f986eb-7a48-4d9d-a9ac-75f53ab1094d/
2024 Chevrolet Tahoe High Country,New,"$82,465",https://www.cars.com//vehicledetail/898a4eb1-ba26-42fc-9f6f-f3f1a7e34abe/
2024 Chevrolet Silverado 2500 Custom,New,"$69,310",https://www.cars.com//vehicledetail/0b1cff27-8a78-47eb-a5a7-c2793f80fec5/
2024 Chevrolet Silverado 2500 High Country,New,"$87,700",https://www.cars.com//vehicledetail/0072bed5-c89d-474a-a273-dccdb5c9f067/
2024 Chevrolet Silverado 2500 Custom,New,"$68,560",https://www.cars.com//vehicledetail/fb9d0be4-83fd-497d-83ab-0958995c945d/
2024 GMC Sierra 1500 AT4,New,"$74,600",https://www.cars.com//vehicledetail/4213891f-5161-492c-88be-3e8db4b9b0d0/
2023 Chevrolet Silverado 1500 RST,New,"$63,920",https://www.cars.com//vehicledetail/7ed7eec2-86e5-4256-9553-0d7063ed220a/
2024 GMC Yukon XL Denali,New,"$95,110",https://www.cars.com//vehicledetail/ed4f33c3-004c-495f-96b3-4ebdea345ddb/
2022 Toyota Tacoma SR5,Used,"$30,675",https://www.cars.com//vehicledetail/8d4de00a-0e36-4caf-9428-0354022ad3a3/
2023 GMC Acadia Denali,New,"$54,285",https://www.cars.com//vehicledetail/ce5aad06-6b2f-453a-a427-4b306e166faf/
2024 Ford F-250 Lariat,New,Not Priced,https://www.cars.com//vehicledetail/8b6bbc52-954c-409b-8c60-b7b4cd56aa85/
2024 Lincoln Nautilus Reserve,New,Not Priced,https://www.cars.com//vehicledetail/98aa3e77-a6f4-4850-9044-07b4b400519e/
2024 Ford Edge Sport,New,Not Priced,https://www.cars.com//vehicledetail/b5e5280c-be97-4137-ad7f-01eb239cac06/
2023 Lincoln Navigator Reserve,New,Not Priced,https://www.cars.com//vehicledetail/dae0f8e3-fdf5-4d2b-9415-068e116b13fc/
2024 Ford Edge Titanium,New,Not Priced,https://www.cars.com//vehicledetail/2cf44ff3-de30-45fe-abd9-04414217317f/
2024 Ford Edge SEL,New,Not Priced,https://www.cars.com//vehicledetail/4aa28e38-a3c7-4c7a-8958-482fc9b250d3/
2023 Ford Bronco Sport Outer Banks,New,Not Priced,https://www.cars.com//vehicledetail/71acb331-9eea-4030-bbb9-d9d18778537e/
2023 Lincoln Navigator Reserve,New,Not Priced,https://www.cars.com//vehicledetail/b758bd15-e7aa-4331-abba-ea91d5c7f4f9/
Car Name,Car Status,Price,Check it out here
2024 GMC Sierra 1500 Denali,New,"$78,950",https://www.cars.com//vehicledetail/c4f97382-650c-46cc-8b04-22bcfd660d51/
2024 Chevrolet Tahoe Premier,New,"$80,070",https://www.cars.com//vehicledetail/97f986eb-7a48-4d9d-a9ac-75f53ab1094d/
2024 Chevrolet Tahoe High Country,New,"$82,465",https://www.cars.com//vehicledetail/898a4eb1-ba26-42fc-9f6f-f3f1a7e34abe/
2024 Chevrolet Silverado 2500 Custom,New,"$69,310",https://www.cars.com//vehicledetail/0b1cff27-8a78-47eb-a5a7-c2793f80fec5/
2024 Chevrolet Silverado 2500 High Country,New,"$87,700",https://www.cars.com//vehicledetail/0072bed5-c89d-474a-a273-dccdb5c9f067/
2024 Chevrolet Silverado 2500 Custom,New,"$68,560",https://www.cars.com//vehicledetail/fb9d0be4-83fd-497d-83ab-0958995c945d/
2024 GMC Sierra 1500 AT4,New,"$74,600",https://www.cars.com//vehicledetail/4213891f-5161-492c-88be-3e8db4b9b0d0/
2023 Chevrolet Silverado 1500 RST,New,"$63,920",https://www.cars.com//vehicledetail/7ed7eec2-86e5-4256-9553-0d7063ed220a/
2024 GMC Yukon XL Denali,New,"$95,110",https://www.cars.com//vehicledetail/ed4f33c3-004c-495f-96b3-4ebdea345ddb/
2022 Toyota Tacoma SR5,Used,"$30,675",https://www.cars.com//vehicledetail/8d4de00a-0e36-4caf-9428-0354022ad3a3/
2023 GMC Acadia Denali,New,"$54,285",https://www.cars.com//vehicledetail/ce5aad06-6b2f-453a-a427-4b306e166faf/
2024 Ford F-250 Lariat,New,Not Priced,https://www.cars.com//vehicledetail/8b6bbc52-954c-409b-8c60-b7b4cd56aa85/
2024 Lincoln Nautilus Reserve,New,Not Priced,https://www.cars.com//vehicledetail/98aa3e77-a6f4-4850-9044-07b4b400519e/
2024 Ford Edge Sport,New,Not Priced,https://www.cars.com//vehicledetail/b5e5280c-be97-4137-ad7f-01eb239cac06/
2023 Lincoln Navigator Reserve,New,Not Priced,https://www.cars.com//vehicledetail/dae0f8e3-fdf5-4d2b-9415-068e116b13fc/
2024 Ford Edge Titanium,New,Not Priced,https://www.cars.com//vehicledetail/2cf44ff3-de30-45fe-abd9-04414217317f/
2024 Ford Edge SEL,New,Not Priced,https://www.cars.com//vehicledetail/4aa28e38-a3c7-4c7a-8958-482fc9b250d3/
2023 Ford Bronco Sport Outer Banks,New,Not Priced,https://www.cars.com//vehicledetail/71acb331-9eea-4030-bbb9-d9d18778537e/
2023 Lincoln Navigator Reserve,New,Not Priced,https://www.cars.com//vehicledetail/b758bd15-e7aa-4331-abba-ea91d5c7f4f9/
2024 Ford Edge SEL,New,Not Priced,https://www.cars.com//vehicledetail/c586a3ee-9c27-42ba-8e3a-36c0fafa06ba/
2024 GMC Sierra 1500 Denali,New,"$78,950",https://www.cars.com//vehicledetail/c4f97382-650c-46cc-8b04-22bcfd660d51/
2024 Chevrolet Tahoe Premier,New,"$80,070",https://www.cars.com//vehicledetail/97f986eb-7a48-4d9d-a9ac-75f53ab1094d/
2024 Chevrolet Tahoe High Country,New,"$82,465",https://www.cars.com//vehicledetail/898a4eb1-ba26-42fc-9f6f-f3f1a7e34abe/
2024 Chevrolet Silverado 2500 Custom,New,"$69,310",https://www.cars.com//vehicledetail/0b1cff27-8a78-47eb-a5a7-c2793f80fec5/
2024 Chevrolet Silverado 2500 High Country,New,"$87,700",https://www.cars.com//vehicledetail/0072bed5-c89d-474a-a273-dccdb5c9f067/
2024 Chevrolet Silverado 2500 Custom,New,"$68,560",https://www.cars.com//vehicledetail/fb9d0be4-83fd-497d-83ab-0958995c945d/
2024 GMC Sierra 1500 AT4,New,"$74,600",https://www.cars.com//vehicledetail/4213891f-5161-492c-88be-3e8db4b9b0d0/
2023 Chevrolet Silverado 1500 RST,New,"$63,920",https://www.cars.com//vehicledetail/7ed7eec2-86e5-4256-9553-0d7063ed220a/
2024 GMC Yukon XL Denali,New,"$95,110",https://www.cars.com//vehicledetail/ed4f33c3-004c-495f-96b3-4ebdea345ddb/
2022 Toyota Tacoma SR5,Used,"$30,675",https://www.cars.com//vehicledetail/8d4de00a-0e36-4caf-9428-0354022ad3a3/
2023 GMC Acadia Denali,New,"$54,285",https://www.cars.com//vehicledetail/ce5aad06-6b2f-453a-a427-4b306e166faf/
2024 Ford F-250 Lariat,New,Not Priced,https://www.cars.com//vehicledetail/8b6bbc52-954c-409b-8c60-b7b4cd56aa85/
2024 Lincoln Nautilus Reserve,New,Not Priced,https://www.cars.com//vehicledetail/98aa3e77-a6f4-4850-9044-07b4b400519e/
2024 Ford Edge Sport,New,Not Priced,https://www.cars.com//vehicledetail/b5e5280c-be97-4137-ad7f-01eb239cac06/
2023 Lincoln Navigator Reserve,New,Not Priced,https://www.cars.com//vehicledetail/dae0f8e3-fdf5-4d2b-9415-068e116b13fc/
2024 Ford Edge Titanium,New,Not Priced,https://www.cars.com//vehicledetail/2cf44ff3-de30-45fe-abd9-04414217317f/
2024 Ford Edge SEL,New,Not Priced,https://www.cars.com//vehicledetail/4aa28e38-a3c7-4c7a-8958-482fc9b250d3/
2023 Ford Bronco Sport Outer Banks,New,Not Priced,https://www.cars.com//vehicledetail/71acb331-9eea-4030-bbb9-d9d18778537e/
2023 Lincoln Navigator Reserve,New,Not Priced,https://www.cars.com//vehicledetail/b758bd15-e7aa-4331-abba-ea91d5c7f4f9/
2024 Ford Edge SEL,New,Not Priced,https://www.cars.com//vehicledetail/c586a3ee-9c27-42ba-8e3a-36c0fafa06ba/
2024 GMC Sierra 1500 Denali,New,"$78,950",https://www.cars.com//vehicledetail/c4f97382-650c-46cc-8b04-22bcfd660d51/
2024 Chevrolet Tahoe Premier,New,"$80,070",https://www.cars.com//vehicledetail/97f986eb-7a48-4d9d-a9ac-75f53ab1094d/
2024 Chevrolet Tahoe High Country,New,"$82,465",https://www.cars.com//vehicledetail/898a4eb1-ba26-42fc-9f6f-f3f1a7e34abe/
2024 Chevrolet Silverado 2500 Custom,New,"$69,310",https://www.cars.com//vehicledetail/0b1cff27-8a78-47eb-a5a7-c2793f80fec5/
2024 Chevrolet Silverado 2500 High Country,New,"$87,700",https://www.cars.com//vehicledetail/0072bed5-c89d-474a-a273-dccdb5c9f067/
2024 Chevrolet Silverado 2500 Custom,New,"$68,560",https://www.cars.com//vehicledetail/fb9d0be4-83fd-497d-83ab-0958995c945d/
2024 GMC Sierra 1500 AT4,New,"$74,600",https://www.cars.com//vehicledetail/4213891f-5161-492c-88be-3e8db4b9b0d0/
2023 Chevrolet Silverado 1500 RST,New,"$63,920",https://www.cars.com//vehicledetail/7ed7eec2-86e5-4256-9553-0d7063ed220a/
2024 GMC Yukon XL Denali,New,"$95,110",https://www.cars.com//vehicledetail/ed4f33c3-004c-495f-96b3-4ebdea345ddb/
2022 Toyota Tacoma SR5,Used,"$30,675",https://www.cars.com//vehicledetail/8d4de00a-0e36-4caf-9428-0354022ad3a3/
2023 GMC Acadia Denali,New,"$54,285",https://www.cars.com//vehicledetail/ce5aad06-6b2f-453a-a427-4b306e166faf/
2024 Ford F-250 Lariat,New,Not Priced,https://www.cars.com//vehicledetail/8b6bbc52-954c-409b-8c60-b7b4cd56aa85/
2024 Lincoln Nautilus Reserve,New,Not Priced,https://www.cars.com//vehicledetail/98aa3e77-a6f4-4850-9044-07b4b400519e/
2024 Ford Edge Sport,New,Not Priced,https://www.cars.com//vehicledetail/b5e5280c-be97-4137-ad7f-01eb239cac06/
2023 Lincoln Navigator Reserve,New,Not Priced,https://www.cars.com//vehicledetail/dae0f8e3-fdf5-4d2b-9415-068e116b13fc/
2024 Ford Edge Titanium,New,Not Priced,https://www.cars.com//vehicledetail/2cf44ff3-de30-45fe-abd9-04414217317f/
2024 Ford Edge SEL,New,Not Priced,https://www.cars.com//vehicledetail/4aa28e38-a3c7-4c7a-8958-482fc9b250d3/
2023 Ford Bronco Sport Outer Banks,New,Not Priced,https://www.cars.com//vehicledetail/71acb331-9eea-4030-bbb9-d9d18778537e/
2023 Lincoln Navigator Reserve,New,Not Priced,https://www.cars.com//vehicledetail/b758bd15-e7aa-4331-abba-ea91d5c7f4f9/
2024 Ford Edge SEL,New,Not Priced,https://www.cars.com//vehicledetail/c586a3ee-9c27-42ba-8e3a-36c0fafa06ba/
